{
  "ansh": {
    "lastSeen": 1755448443275,
    "balance": 4258664.129999999,
    "name": "ansh",
    "isBedrock": false,
    "online": false,
    "onlineTime": 3803239
  },
  "billu_backchod": {
    "lastSeen": 1755512640073,
    "balance": 1026343.9999999999,
    "name": "billu_backchod",
    "isBedrock": false,
    "online": false,
    "onlineTime": 1761994
  }
}