{
  "ansh": {
    "lastSeen": 1755448443275,
    "balance": 4258664.129999999,
    "name": "ansh",
    "isBedrock": false,
    "online": false,
    "onlineTime": 3803239
  },
  "billu_backchod": {
    "lastSeen": 1755512640073,
    "balance": 1026343.9999999999,
    "name": "billu_backchod",
    "isBedrock": false,
    "online": false,
    "onlineTime": 1761994
  },
  ".ItzWhite7778": {
    "lastSeen": 1755515374714,
    "balance": 2597179.5199999996,
    "name": ".ItzWhite7778",
    "isBedrock": true,
    "online": false,
    "onlineTime": 582956
  },
  ".itzyash6503": {
    "lastSeen": 0,
    "balance": 1581414.0799999998,
    "name": ".itzyash6503",
    "isBedrock": true,
    "online": true,
    "onlineTime": 0
  },
  "itzyash6503": {
    "lastSeen": 1755514327906,
    "balance": 0,
    "name": "itzyash6503",
    "isBedrock": false,
    "online": false,
    "onlineTime": 24852
  }
}